,Date,Open,High,Low,Close,Adj. Close,Change,Volume
0,2026-03-18,815.0,820,805,815,815.0,0.0124,85306
1,2026-03-17,805.0,820,790,805,805.0,-0.0062,32685
2,2026-03-16,810.0,820,780,810,810.0,-0.0061,56066
3,2026-03-13,815.0,845,800,815,815.0,-0.0181,122370
4,2026-03-12,830.0,835,820,830,830.0,-0.006,69422
5,2026-03-11,835.0,840,830,835,835.0,-0.006,50435
6,2026-03-10,840.0,850,830,840,840.0,0.012,62972
7,2026-03-09,830.0,840,750,830,830.0,-0.006,56936
8,2026-03-06,835.0,850,750,835,835.0,-0.0118,64073
9,2026-03-05,845.0,860,835,845,845.0,-0.0059,177704
10,2026-03-04,850.0,860,830,850,850.0,-0.0116,142879
11,2026-03-03,860.0,900,830,860,860.0,-,119223
12,2026-03-02,860.0,925,850,860,860.0,0.0118,314978
13,2026-02-27,850.0,860,840,850,850.0,-0.0058,144326
14,2026-02-26,855.0,855,840,855,855.0,-,184265
15,2026-02-23,855.0,860,845,855,855.0,0.0059,172096
16,2026-02-20,850.0,855,840,850,850.0,0.0059,70515
17,2026-02-19,845.0,855,800,845,845.0,-0.0117,81043
18,2026-02-18,855.0,880,840,855,855.0,-,105333
19,2026-02-17,855.0,860,845,855,855.0,-0.0058,183280
20,2026-02-16,860.0,860,840,860,860.0,-,165297
21,2026-02-13,860.0,900,840,860,860.0,0.0238,255153
22,2026-02-12,840.0,850,820,840,840.0,0.012,127942
23,2026-02-11,830.0,850,745,830,830.0,-0.0178,53429
24,2026-02-10,845.0,860,800,845,845.0,-0.0287,84932
25,2026-02-09,870.0,900,845,870,870.0,-0.0279,325809
26,2026-02-06,895.0,940,860,895,895.0,-0.011,230930
27,2026-02-05,905.0,950,860,905,905.0,0.0774,253814
28,2026-02-04,840.0,900,830,840,840.0,0.012,165251
29,2026-02-03,830.0,845,800,830,830.0,0.0311,183873
30,2026-02-02,805.0,820,770,805,805.0,0.0255,168280
31,2026-01-30,785.0,800,740,785,785.0,-0.0248,127578
32,2026-01-29,805.0,850,740,805,805.0,-0.064,135390
33,2026-01-28,860.0,990,850,860,860.0,-0.14,205423
34,2026-01-27,1000.0,1015,935,1000,1000.0,0.227,899692
35,2026-01-26,815.0,820,750,815,815.0,-,545632
36,2026-01-23,815.0,820,750,815,815.0,0.1399,545632
37,2026-01-22,715.0,730,660,715,715.0,0.126,517680
38,2026-01-21,635.0,655,590,635,635.0,0.114,505155
39,2026-01-20,570.0,585,530,570,570.0,0.1176,508848
40,2026-01-19,510.0,550,475,510,510.0,0.0625,566038
41,2026-01-16,480.0,500,475,480,480.0,-,193393
42,2026-01-15,480.0,495,470,480,480.0,-,108317
43,2026-01-14,480.0,495,470,480,480.0,-,299282
44,2026-01-13,480.0,500,475,480,480.0,-,361942
45,2026-01-09,480.0,510,475,480,480.0,-,196403
46,2026-01-08,480.0,520,475,480,480.0,-0.0103,113937
47,2026-01-07,485.0,550,475,485,485.0,-,97213
48,2026-01-06,485.0,520,475,485,485.0,-0.0202,194379
49,2026-01-05,495.0,520,475,495,495.0,-0.01,103760
50,2026-01-02,500.0,510,470,500,500.0,0.0101,33105
51,2025-12-31,495.0,510,465,495,495.0,0.0313,38595
52,2025-12-30,480.0,505,460,480,480.0,-0.0303,143501
53,2025-12-29,495.0,510,450,495,495.0,0.0206,64825
54,2025-12-24,485.0,510,450,485,485.0,0.0659,27856
55,2025-12-23,455.0,455,450,455,455.0,-,76838
56,2025-12-22,455.0,455,450,455,455.0,-,51481
57,2025-12-19,455.0,455,450,455,455.0,-0.0109,43938
58,2025-12-18,460.0,500,450,460,460.0,-0.0707,80363
59,2025-12-17,495.0,510,470,495,495.0,-,29914
60,2025-12-16,495.0,520,470,495,495.0,0.0102,44237
61,2025-12-15,490.0,500,480,490,490.0,0.0208,23278
62,2025-12-12,480.0,490,460,480,480.0,0.0549,9078
63,2025-12-11,455.0,500,430,455,455.0,0.046,20469
64,2025-12-10,435.0,440,420,435,435.0,-,15220
65,2025-12-08,435.0,465,420,435,435.0,-0.0225,18453
66,2025-12-05,445.0,465,425,445,445.0,-0.0111,11366
67,2025-12-04,450.0,470,430,450,450.0,0.0227,11366
68,2025-12-03,440.0,470,425,440,440.0,-,10422
69,2025-12-02,440.0,470,420,440,440.0,0.0476,7560
70,2025-12-01,420.0,470,415,420,420.0,0.012,21307
71,2025-11-28,415.0,420,410,415,415.0,-0.0119,3224225
72,2025-11-27,420.0,420,415,420,420.0,-,20764
73,2025-11-26,420.0,430,415,420,420.0,-,20283
74,2025-11-25,420.0,425,415,420,420.0,-,30065
75,2025-11-24,420.0,425,410,420,420.0,-0.0118,35549
76,2025-11-21,425.0,430,415,425,425.0,-,22454
77,2025-11-20,425.0,440,400,425,425.0,-0.023,11684
78,2025-11-19,435.0,450,430,435,435.0,-0.0333,18577
79,2025-11-18,450.0,450,430,450,450.0,-0.011,14373
80,2025-11-17,455.0,465,400,455,455.0,-0.0215,17802
81,2025-11-14,465.0,465,450,465,465.0,-0.0106,6858
82,2025-11-13,470.0,470,450,470,470.0,-,19782
83,2025-11-12,452.0,470,465,470,452.0,0.0108,17499
84,2025-11-11,447.19,475,460,465,447.19,-0.0106,25946
85,2025-11-10,452.0,485,460,470,452.0,-0.0208,1514984
86,2025-11-07,461.62,480,460,480,461.62,0.0105,83941
87,2025-11-06,456.81,480,470,475,456.81,0.0106,95442
88,2025-11-05,452.0,480,460,470,452.0,-,135209
89,2025-11-04,452.0,480,450,470,452.0,-0.0208,37438
90,2025-10-30,461.62,480,475,480,461.62,0.0105,3263
91,2025-10-28,456.81,480,470,475,456.81,-,157331
92,2025-10-27,456.81,480,465,475,456.81,-,198881
93,2025-10-24,456.81,480,470,475,456.81,-,109769
94,2025-10-23,456.81,490,470,475,456.81,0.0106,140229
95,2025-10-22,452.0,480,470,470,452.0,-,122446
96,2025-10-21,452.0,490,465,470,452.0,-,56226
97,2025-10-20,452.0,490,465,470,452.0,-,50507
98,2025-10-17,452.0,470,465,470,452.0,0.0108,1010948
99,2025-10-16,447.19,480,440,465,447.19,-0.0106,22791
100,2025-10-15,452.0,480,460,470,452.0,-0.0105,28879
101,2025-10-13,456.81,480,460,475,456.81,-0.0104,37183
102,2025-10-10,461.62,480,470,480,461.62,0.0105,35977
103,2025-10-09,456.81,480,470,475,456.81,-0.0206,54147
104,2025-10-08,466.43,495,470,485,466.43,-0.0102,46013
105,2025-10-07,471.23,495,470,490,471.23,-,43412
106,2025-10-06,471.23,500,460,490,471.23,0.0208,17309
107,2025-10-03,461.62,500,460,480,461.62,0.0213,14688
108,2025-10-02,452.0,485,460,470,452.0,-0.0208,23204
109,2025-10-01,461.62,500,475,480,461.62,-,9499
110,2025-09-30,461.62,500,465,480,461.62,-,13750
111,2025-09-29,461.62,500,465,480,461.62,-0.0204,82681
112,2025-09-26,471.23,500,470,490,471.23,0.0103,17166
113,2025-09-25,466.43,495,470,485,466.43,0.0319,15190
114,2025-09-24,452.0,490,460,470,452.0,-0.0105,16522
115,2025-09-23,456.81,500,465,475,456.81,-0.0306,6574
116,2025-09-22,471.23,500,470,490,471.23,0.0538,19089
117,2025-09-19,447.19,495,460,465,447.19,-0.0412,43648
118,2025-09-18,466.43,495,460,485,466.43,-0.0102,12453
119,2025-09-17,471.23,500,460,490,471.23,-0.0101,7845
120,2025-09-16,476.04,500,465,495,476.04,-,29100
121,2025-09-15,476.04,510,465,495,476.04,0.0206,42804
122,2025-09-12,466.43,500,465,485,466.43,-,18595
123,2025-09-11,466.43,520,470,485,466.43,-0.0396,21236
124,2025-09-10,485.66,530,470,505,485.66,0.01,23836
125,2025-09-09,480.85,535,470,500,480.85,-0.0099,14531
126,2025-09-08,485.66,535,475,505,485.66,-0.0288,32246
127,2025-09-04,500.09,550,470,520,500.09,-0.0095,49528
128,2025-09-03,504.89,550,475,525,504.89,-0.0187,14628
129,2025-09-02,514.51,550,475,535,514.51,0.0388,9871
130,2025-09-01,495.28,580,470,515,495.28,0.0198,45262
131,2025-08-29,485.66,580,475,505,485.66,-,105566
132,2025-08-28,485.66,545,475,505,485.66,-0.0381,74734
133,2025-08-27,504.89,550,490,525,504.89,0.0096,46075
134,2025-08-26,500.09,540,470,520,500.09,-0.0189,30290
135,2025-08-25,509.7,540,480,530,509.7,-,23643
136,2025-08-22,509.7,550,530,530,509.7,-0.0275,22208
137,2025-08-21,524.13,585,545,545,524.13,0.0583,70969
138,2025-08-20,495.28,585,515,515,495.28,0.0098,148106
139,2025-08-19,490.47,550,510,510,490.47,0.0408,67339
140,2025-08-18,471.23,540,490,490,471.23,-0.02,187599
141,2025-08-15,480.85,550,475,500,480.85,0.0417,359384
142,2025-08-14,461.62,505,465,480,461.62,0.0323,163441
143,2025-08-13,447.19,480,460,465,447.19,0.0109,215273
144,2025-08-12,442.38,460,450,460,442.38,0.1358,12191
145,2025-08-11,389.49,450,390,405,389.49,0.0125,26030
146,2025-08-07,384.68,400,350,400,384.68,0.0127,110429
147,2025-08-06,379.87,400,395,395,379.87,0.026,17512
148,2025-08-05,370.26,400,340,385,370.26,-0.0128,30234
149,2025-08-04,375.06,400,390,390,375.06,-0.025,43856
150,2025-08-01,384.68,405,395,400,384.68,-0.0476,103315
151,2025-07-31,403.92,435,405,420,403.91,-0.0118,139751
152,2025-07-30,408.72,450,420,425,408.72,-0.0341,117238
153,2025-07-29,423.15,460,440,440,423.15,0.0353,50872
154,2025-07-28,408.72,460,420,425,408.72,-,12097
155,2025-07-25,408.72,430,425,425,408.72,0.0119,47059
156,2025-07-24,403.92,425,420,420,403.91,-,25605
157,2025-07-23,403.92,425,420,420,403.91,-0.0118,78724
158,2025-07-22,408.72,425,410,425,408.72,0.0494,114763
159,2025-07-21,389.49,440,400,405,389.49,0.0385,60200
160,2025-07-18,375.06,410,380,390,375.06,0.0685,2410
161,2025-07-17,351.02,380,355,365,351.02,0.0429,780
162,2025-07-16,336.6,355,345,350,336.6,-,20178
163,2025-07-15,336.6,350,345,350,336.6,0.0145,17389
164,2025-07-14,331.79,350,345,345,331.79,0.0147,17893
165,2025-07-11,326.98,350,335,340,326.98,-,66014
166,2025-07-10,326.98,340,335,340,326.98,-,99920
167,2025-07-09,326.98,340,335,340,326.98,0.0149,50396
168,2025-07-08,322.17,340,330,335,322.17,-0.0429,36687
169,2025-07-04,336.6,350,340,350,336.6,0.0145,24297
170,2025-07-03,331.79,350,335,345,331.79,-,13164
171,2025-07-02,331.79,345,335,345,331.79,-,14054
172,2025-07-01,331.79,345,330,345,331.79,0.0147,45055
173,2025-06-30,326.98,345,340,340,326.98,-,13837
174,2025-06-27,326.98,340,340,340,326.98,-,4398
175,2025-06-26,326.98,340,330,340,326.98,-,16948
176,2025-06-25,326.98,340,340,340,326.98,-,9689
177,2025-06-24,326.98,345,320,340,326.98,-,19765
178,2025-06-23,326.98,350,340,340,326.98,-0.0145,21990
179,2025-06-20,331.79,345,340,345,331.79,0.0147,11842
180,2025-06-19,326.98,345,330,340,326.98,-,19799
181,2025-06-18,326.98,340,340,340,326.98,-,23035
182,2025-06-17,326.98,345,330,340,326.98,-,38962
183,2025-06-16,326.98,350,340,340,326.98,-0.0145,67310
184,2025-06-13,331.79,350,340,345,331.79,-,28660
185,2025-06-12,331.79,345,340,345,331.79,0.0147,18848
186,2025-06-11,326.98,345,340,340,326.98,-,17928
187,2025-06-10,326.98,350,340,340,326.98,-,125819
188,2025-06-09,326.98,350,340,340,326.98,-,92357
189,2025-06-06,326.98,340,325,340,326.98,0.0149,35689
190,2025-06-05,322.17,340,335,335,322.17,0.0308,46851
191,2025-06-04,312.55,330,320,325,312.55,0.0156,55934
192,2025-06-03,307.75,330,310,320,307.74,-,71192
193,2025-06-02,307.75,330,320,320,307.74,0.0323,80444
194,2025-05-30,298.13,320,305,310,298.13,0.0333,51178
195,2025-05-29,288.51,310,300,300,288.51,-,77076
196,2025-05-28,288.51,305,295,300,288.51,-,36093
197,2025-05-27,288.51,305,300,300,288.51,-,37046
198,2025-05-26,288.51,300,295,300,288.51,-,40040
199,2025-05-23,288.51,300,295,300,288.51,-,37183
200,2025-05-22,288.51,300,295,300,288.51,-,34771
201,2025-05-21,288.51,300,295,300,288.51,-,33994
202,2025-05-20,288.51,300,295,300,288.51,-,39613
203,2025-05-19,288.51,300,290,300,288.51,0.0169,35760
204,2025-05-16,283.7,300,290,295,283.7,0.0351,162868
205,2025-05-15,274.09,290,280,285,274.09,0.0179,105338
206,2025-05-14,269.28,280,260,280,269.28,0.037,28092
207,2025-05-13,259.66,285,265,270,259.66,0.0189,20542
208,2025-05-12,254.85,285,260,265,254.85,-,56198
209,2025-05-09,254.85,265,260,265,254.85,-,22749
210,2025-05-08,254.85,265,260,265,254.85,-,11453
211,2025-05-07,254.85,265,265,265,254.85,0.0192,17718
212,2025-05-06,250.04,260,255,260,250.04,0.0196,43572
213,2025-05-05,245.23,260,245,255,245.23,-,36944
214,2025-05-02,245.23,260,245,255,245.23,0.02,55236
215,2025-04-30,240.43,255,245,250,240.43,-,35629
216,2025-04-29,240.43,250,245,250,240.43,0.0204,45391
217,2025-04-28,235.62,250,240,245,235.62,-,45609
218,2025-04-25,235.62,245,235,245,235.62,-,11069
219,2025-04-24,235.62,245,235,245,235.62,0.0426,8581
220,2025-04-23,226.0,245,235,235,226.0,-,21713
221,2025-04-22,226.0,235,230,235,226.0,-,11997
222,2025-04-17,226.0,245,230,235,226.0,-0.0208,42712
223,2025-04-16,230.81,240,235,240,230.81,-,30997
224,2025-04-15,230.81,245,235,240,230.81,-,23683
225,2025-04-14,230.81,240,235,240,230.81,-,10333
226,2025-04-11,230.81,240,235,240,230.81,0.0213,10873
227,2025-04-10,226.0,240,230,235,226.0,-,25809
228,2025-04-09,226.0,240,230,235,226.0,0.0217,9162
229,2025-04-08,221.19,235,230,230,221.19,-,7289
230,2025-04-04,221.19,235,230,230,221.19,-,10738
231,2025-04-03,221.19,240,230,230,221.19,-,28945
232,2025-04-02,221.19,230,225,230,221.19,-,33707
233,2025-03-28,221.19,230,225,230,221.19,-,11417
234,2025-03-27,221.19,230,230,230,221.19,-,8520
235,2025-03-26,221.19,230,225,230,221.19,-,36909
236,2025-03-25,221.19,230,225,230,221.19,0.0222,14952
237,2025-03-24,216.38,230,225,225,216.38,-,4886
238,2025-03-21,216.38,230,225,225,216.38,-,7465
239,2025-03-20,216.38,230,215,225,216.38,0.0227,3761
240,2025-03-19,211.57,230,220,220,211.57,-,58133
241,2025-03-18,211.57,230,220,220,211.57,-,3467
242,2025-03-17,211.57,220,220,220,211.57,-,10044
243,2025-03-14,211.57,220,215,220,211.57,-,5477
244,2025-03-13,211.57,220,220,220,211.57,-,4304
245,2025-03-12,211.57,220,215,220,211.57,-,3382
246,2025-03-11,211.57,230,220,220,211.57,-,16667
247,2025-03-10,211.57,230,220,220,211.57,-,40492
248,2025-03-07,211.57,220,215,220,211.57,-,8187
249,2025-03-06,211.57,220,215,220,211.57,-,2163
250,2025-03-05,211.57,220,215,220,211.57,-,16381
251,2025-03-04,211.57,220,215,220,211.57,-,12836
252,2025-03-03,211.57,220,215,220,211.57,0.0233,15564
253,2025-02-28,206.77,220,215,215,206.77,-,112909
254,2025-02-27,206.77,220,215,215,206.77,-,122316
255,2025-02-26,206.77,220,200,215,206.77,-,15539
256,2025-02-25,206.77,220,215,215,206.77,-,24696
257,2025-02-24,206.77,220,215,215,206.77,-0.0227,49325
258,2025-02-21,211.57,220,215,220,211.57,-,5523
259,2025-02-20,211.57,220,215,220,211.57,-,7028
260,2025-02-19,211.57,220,215,220,211.57,-,5295
261,2025-02-18,211.57,220,215,220,211.57,0.0233,12009
262,2025-02-17,206.77,220,215,215,206.77,-0.0227,7246
263,2025-02-14,211.57,220,215,220,211.57,-,5171
264,2025-02-13,211.57,220,215,220,211.57,-,2565
265,2025-02-12,211.57,220,215,220,211.57,-,8995
266,2025-02-11,211.57,220,215,220,211.57,-,12469
267,2025-02-10,211.57,220,215,220,211.57,-,19887
268,2025-02-07,211.57,220,215,220,211.57,0.0233,6562
269,2025-02-06,206.77,220,215,215,206.77,-0.0227,16502
270,2025-02-05,211.57,220,220,220,211.57,-,7045
271,2025-02-04,211.57,220,220,220,211.57,-,36024
272,2025-02-03,211.57,220,215,220,211.57,-,23010
273,2025-01-31,211.57,220,215,220,211.57,-,17836
274,2025-01-30,211.57,220,215,220,211.57,-,9964
275,2025-01-29,211.57,220,215,220,211.57,-,11778
276,2025-01-28,211.57,220,215,220,211.57,0.0233,27271
277,2025-01-27,206.77,220,215,215,206.77,-,10174
278,2025-01-24,206.77,220,215,215,206.77,-,25143
279,2025-01-23,206.77,220,215,215,206.77,-0.0227,22386
280,2025-01-22,211.57,220,215,220,211.57,-,1480
281,2025-01-21,211.57,220,215,220,211.57,-,48436
282,2025-01-20,211.57,220,215,220,211.57,-,5604
283,2025-01-17,211.57,220,220,220,211.57,-,30211
284,2025-01-16,211.57,220,210,220,211.57,-,2115
285,2025-01-15,211.57,220,215,220,211.57,-,7808
286,2025-01-14,211.57,220,215,220,211.57,0.0233,6994
287,2025-01-13,206.77,220,215,215,206.77,-,46384
288,2025-01-10,206.77,215,200,215,206.77,-,17221
289,2025-01-09,206.77,215,200,215,206.77,-0.0227,6198
290,2025-01-08,211.57,220,215,220,211.57,-,14080
291,2025-01-07,211.57,220,215,220,211.57,-,23139
292,2025-01-06,211.57,220,215,220,211.57,-,4057
293,2025-01-03,211.57,220,215,220,211.57,-,19560
294,2025-01-02,211.57,220,215,220,211.57,0.0233,7564
295,2024-12-31,206.77,220,210,215,206.77,-0.0227,17348
296,2024-12-30,211.57,220,215,220,211.57,-,14860
297,2024-12-27,211.57,220,220,220,211.57,-,26142
298,2024-12-24,211.57,225,220,220,211.57,-0.0222,13840
299,2024-12-23,216.38,225,220,225,216.38,0.0227,18482
300,2024-12-20,211.57,225,220,220,211.57,-0.0222,9859
301,2024-12-19,216.38,225,225,225,216.38,0.0227,5097
302,2024-12-18,211.57,225,220,220,211.57,-0.0222,12470
303,2024-12-17,216.38,225,220,225,216.38,-,7038
304,2024-12-16,216.38,225,220,225,216.38,0.0227,5181
305,2024-12-13,211.57,225,220,220,211.57,-,7481
306,2024-12-12,211.57,225,220,220,211.57,-,5365
307,2024-12-11,211.57,225,220,220,211.57,-,5935
308,2024-12-10,211.57,230,220,220,211.57,-,15210
309,2024-12-06,211.57,230,220,220,211.57,-0.0222,17352
310,2024-12-05,216.38,230,225,225,216.38,-,1162
311,2024-12-04,216.38,230,225,225,216.38,-,2709
312,2024-12-03,216.38,230,225,225,216.38,-0.0217,5601
313,2024-12-02,221.19,235,230,230,221.19,-0.0213,14499
314,2024-11-29,226.0,235,225,235,226.0,-,10555
315,2024-11-28,226.0,235,230,235,226.0,-0.0208,5035
316,2024-11-26,230.81,240,230,240,230.81,0.0435,17730
317,2024-11-25,221.19,240,230,230,221.19,-,2384
318,2024-11-22,221.19,235,230,230,221.19,-0.0213,3826
319,2024-11-21,226.0,240,235,235,226.0,-,18386
320,2024-11-20,226.0,235,235,235,226.0,-,3450
321,2024-11-19,226.0,235,235,235,226.0,-,1350
322,2024-11-18,226.0,240,235,235,226.0,-,2964
323,2024-11-15,226.0,240,235,235,226.0,-,6290
324,2024-11-14,226.0,240,235,235,226.0,-,1860
325,2024-11-13,226.0,240,230,235,226.0,-,3602
326,2024-11-12,226.0,235,235,235,226.0,-0.0208,8004
327,2024-11-11,230.81,240,235,240,230.81,-,6119
328,2024-11-08,230.81,240,240,240,230.81,-,1724
329,2024-11-07,230.81,240,235,240,230.81,-,21750
330,2024-11-06,230.81,240,235,240,230.81,-,3872
331,2024-11-05,230.81,240,240,240,230.81,-,3710
332,2024-11-04,230.81,240,235,240,230.81,-,13775
333,2024-11-01,230.81,240,240,240,230.81,-,2289
334,2024-10-31,230.81,240,230,240,230.81,0.0435,3924
335,2024-10-30,221.19,240,230,230,221.19,-,1771
336,2024-10-29,221.19,240,230,230,221.19,-,288
337,2024-10-28,221.19,240,230,230,221.19,-,4544
338,2024-10-25,221.19,240,230,230,221.19,-0.0213,14780
339,2024-10-24,226.0,235,230,235,226.0,0.0217,8300
340,2024-10-23,221.19,245,230,230,221.19,-0.0417,11542
341,2024-10-22,230.81,245,240,240,230.81,-0.0204,5764
342,2024-10-21,235.62,245,245,245,235.62,-,3210
343,2024-10-18,223.12,250,245,245,223.11,-,3357
344,2024-10-17,223.12,255,245,245,223.11,-0.0392,9807
345,2024-10-16,232.22,255,255,255,232.22,-,2501
346,2024-10-15,232.22,255,250,255,232.22,0.02,12078
347,2024-10-11,227.67,250,250,250,227.67,-0.0385,26879
348,2024-10-10,236.78,260,250,260,236.77,0.04,9826
349,2024-10-09,227.67,260,250,250,227.67,-,7119
350,2024-10-08,227.67,250,250,250,227.67,0.0417,5507
351,2024-10-07,218.56,240,230,240,218.56,0.0435,5498
352,2024-10-04,209.46,230,225,230,209.45,-,14377
353,2024-10-03,209.46,230,225,230,209.45,-,2479
354,2024-10-02,209.46,230,230,230,209.45,-,10859
355,2024-10-01,209.46,230,225,230,209.45,-,2210
356,2024-09-30,209.46,230,225,230,209.45,-,18410
357,2024-09-27,209.46,230,225,230,209.45,-,650
358,2024-09-26,209.46,230,225,230,209.45,0.0222,11685
359,2024-09-25,204.9,230,225,225,204.9,-,1450
360,2024-09-24,204.9,230,225,225,204.9,-,3494
361,2024-09-23,204.9,230,225,225,204.9,-0.0217,4423
362,2024-09-20,209.46,230,225,230,209.45,-,8919
363,2024-09-19,209.46,230,230,230,209.45,0.0222,47153
364,2024-09-18,204.9,230,225,225,204.9,-,452
365,2024-09-17,204.9,230,225,225,204.9,-0.0217,4467
366,2024-09-13,209.46,230,220,230,209.45,-,2990
367,2024-09-12,209.46,230,230,230,209.45,-0.0213,5907
368,2024-09-11,214.01,235,220,235,214.01,-,2450
369,2024-09-10,214.01,235,230,235,214.01,-,2659
370,2024-09-09,214.01,235,230,235,214.01,0.0217,7331
371,2024-09-06,209.46,240,230,230,209.45,-,640
372,2024-09-05,209.46,240,230,230,209.45,-,37277
373,2024-09-04,209.46,230,220,230,209.45,-,2610
374,2024-09-03,209.46,230,230,230,209.45,-,9900
375,2024-09-02,209.46,230,230,230,209.45,-,4052
376,2024-08-30,209.46,240,230,230,209.45,-,9660
377,2024-08-29,209.46,240,230,230,209.45,-,1940
378,2024-08-28,209.46,240,230,230,209.45,-,12650
379,2024-08-27,209.46,240,230,230,209.45,-,10
380,2024-08-26,209.46,230,230,230,209.45,-,500
381,2024-08-23,209.46,240,230,230,209.45,-,124557
382,2024-08-22,209.46,240,230,230,209.45,-,234507
383,2024-08-21,209.46,250,230,230,209.45,-,52498
384,2024-08-20,209.46,235,230,230,209.45,-0.0213,119788
385,2024-08-19,214.01,235,230,235,214.01,0.0217,13086
386,2024-08-16,209.46,235,230,230,209.45,-0.0213,136388
387,2024-08-15,214.01,235,230,235,214.01,-,3224
388,2024-08-14,214.01,235,230,235,214.01,0.0217,25597
389,2024-08-13,209.46,230,225,230,209.45,-,87553
390,2024-08-12,209.46,235,230,230,209.45,-,64412
391,2024-08-09,209.46,235,230,230,209.45,-0.0213,7385
392,2024-08-07,214.01,235,230,235,214.01,-,8627
393,2024-08-06,214.01,235,230,235,214.01,-0.0208,16415
394,2024-08-05,218.56,250,235,240,218.56,-0.0204,20016
395,2024-08-02,223.12,245,240,245,223.11,-,4632
396,2024-08-01,223.12,245,240,245,223.11,-,11578
397,2024-07-31,223.12,245,240,245,223.11,-,11578
398,2024-07-30,223.12,245,245,245,223.11,0.0208,11511
399,2024-07-29,218.56,240,235,240,218.56,0.0213,4416
400,2024-07-26,214.01,240,235,235,214.01,-0.0208,19403
401,2024-07-25,218.56,240,235,240,218.56,-,7213
402,2024-07-24,218.56,240,235,240,218.56,-,8128
403,2024-07-23,218.56,245,240,240,218.56,-0.0204,95064
404,2024-07-22,223.12,245,240,245,223.11,-,19689
405,2024-07-19,223.12,245,240,245,223.11,0.0652,28425
406,2024-07-18,209.46,245,225,230,209.45,0.0222,12220
407,2024-07-17,204.9,245,225,225,204.9,-,9656
408,2024-07-16,204.9,225,220,225,204.9,-,16045
409,2024-07-15,204.9,225,220,225,204.9,-,19994
410,2024-07-12,204.9,225,225,225,204.9,-,36148
411,2024-07-11,204.9,225,220,225,204.9,-,13776
412,2024-07-10,204.9,225,225,225,204.9,0.0465,9921
413,2024-07-09,195.8,225,215,215,195.79,0.0488,36220
414,2024-07-08,186.69,225,205,205,186.69,-,360
415,2024-07-05,186.69,220,205,205,186.69,-,10592
416,2024-07-04,186.69,205,200,205,186.69,-,58197
417,2024-07-03,186.69,205,205,205,186.69,-,25427
418,2024-07-02,186.69,210,205,205,186.69,-,27986
419,2024-07-01,186.69,210,205,205,186.69,-0.0238,14863
420,2024-06-28,191.24,210,200,210,191.24,0.0769,29740
421,2024-06-27,177.58,195,195,195,177.58,-,2200
422,2024-06-26,177.58,195,195,195,177.58,0.0263,4060
423,2024-06-25,173.03,195,190,190,173.03,-,8476
424,2024-06-24,173.03,190,185,190,173.03,-,37405
425,2024-06-21,173.03,190,190,190,173.03,-,6571
426,2024-06-20,173.03,190,190,190,173.03,-,9575
427,2024-06-19,173.03,190,185,190,173.03,-,7540
428,2024-06-18,173.03,190,190,190,173.03,-,667
429,2024-06-14,173.03,190,190,190,173.03,-,360
430,2024-06-13,173.03,190,190,190,173.03,-,9362
431,2024-06-12,173.03,190,185,190,173.03,-,11752
432,2024-06-11,173.03,190,190,190,173.03,-,2460
433,2024-06-10,173.03,190,190,190,173.03,-,12381
434,2024-06-07,173.03,190,190,190,173.03,-,1510
435,2024-06-06,173.03,190,185,190,173.03,0.027,8910
436,2024-06-05,168.48,185,185,185,168.47,-,1280
437,2024-06-04,168.48,190,185,185,168.47,-,3491
438,2024-06-03,168.48,190,185,185,168.47,-0.0263,14129
439,2024-05-31,173.03,190,190,190,173.03,-,70
440,2024-05-30,173.03,190,185,190,173.03,-,25120
441,2024-05-29,173.03,190,190,190,173.03,0.027,5600
442,2024-05-28,168.48,190,185,185,168.47,-,10
443,2024-05-27,168.48,185,185,185,168.47,-,4213
444,2024-05-24,168.48,185,185,185,168.47,-,4694
445,2024-05-23,168.48,185,185,185,168.47,-,6145
446,2024-05-22,168.48,190,185,185,168.47,-0.0263,4730
447,2024-05-21,173.03,190,185,190,173.03,-,4442
448,2024-05-20,173.03,190,190,190,173.03,-,11752
449,2024-05-17,173.03,190,190,190,173.03,-,5792
450,2024-05-16,173.03,190,190,190,173.03,-,3021
451,2024-05-15,173.03,190,190,190,173.03,-,10525
452,2024-05-14,173.03,190,185,190,173.03,-,2931
453,2024-05-13,173.03,190,190,190,173.03,-,750
454,2024-05-10,173.03,190,190,190,173.03,-,11512
455,2024-05-09,173.03,190,190,190,173.03,-,5460
456,2024-05-08,173.03,190,190,190,173.03,-,11238
457,2024-05-07,173.03,190,180,190,173.03,-,1470
458,2024-05-06,173.03,190,190,190,173.03,-,10193
459,2024-05-03,173.03,190,185,190,173.03,-,4020
460,2024-05-02,173.03,190,185,190,173.03,-,8554
461,2024-04-30,173.03,190,185,190,173.03,0.027,17160
462,2024-04-29,168.48,185,180,185,168.47,-0.0263,13553
463,2024-04-25,173.03,190,180,190,173.03,-,5620
464,2024-04-24,173.03,190,180,190,173.03,-,4960
465,2024-04-23,173.03,190,180,190,173.03,-,3367
466,2024-04-22,173.03,190,190,190,173.03,-,11570
467,2024-04-19,173.03,195,190,190,173.03,-0.0256,8437
468,2024-04-18,177.58,195,195,195,177.58,-,1710
469,2024-04-17,177.58,195,190,195,177.58,-,4080
470,2024-04-16,177.58,195,195,195,177.58,-,3930
471,2024-04-15,177.58,200,195,195,177.58,-,5072
472,2024-04-12,177.58,195,190,195,177.58,-,15314
473,2024-04-09,177.58,195,195,195,177.58,0.0263,5277
474,2024-04-08,173.03,195,190,190,173.03,-0.0256,18834
475,2024-04-05,177.58,195,190,195,177.58,-,6443
476,2024-04-04,177.58,195,190,195,177.58,-,19446
477,2024-04-03,177.58,195,190,195,177.58,-,12980
478,2024-04-02,177.58,195,195,195,177.58,-,8174
479,2024-03-28,177.58,200,195,195,177.58,0.0541,7108
480,2024-03-27,168.48,200,185,185,168.47,-0.075,120830
481,2024-03-26,182.14,200,195,200,182.13,-,17085
482,2024-03-25,182.14,200,180,200,182.13,-,1352
483,2024-03-22,182.14,200,195,200,182.13,-,1080
484,2024-03-21,182.14,200,195,200,182.13,-,2310
485,2024-03-20,182.14,200,195,200,182.13,-,12561
486,2024-03-19,182.14,200,195,200,182.13,-,1484
487,2024-03-18,182.14,200,190,200,182.13,-,3496
488,2024-03-15,182.14,200,200,200,182.13,-,2447
489,2024-03-14,182.14,200,200,200,182.13,-,12139
490,2024-03-12,182.14,200,200,200,182.13,0.0526,5320
491,2024-03-11,173.03,195,190,190,173.03,-,2695
492,2024-03-08,173.03,195,190,190,173.03,-,3390
493,2024-03-07,173.03,195,190,190,173.03,-,253160
494,2024-03-06,173.03,195,190,190,173.03,-,1194
495,2024-03-05,173.03,195,190,190,173.03,-,1080
496,2024-03-04,173.03,195,190,190,173.03,-,108317
497,2024-03-01,173.03,195,190,190,173.03,-,1262355
498,2024-02-29,173.03,195,190,190,173.03,-,1932
499,2024-02-28,173.03,200,190,190,173.03,-,2996
500,2024-02-27,173.03,200,190,190,173.03,-,2598
501,2024-02-26,173.03,205,190,190,173.03,-,3434
502,2024-02-23,173.03,195,190,190,173.03,-,967
503,2024-02-22,173.03,195,190,190,173.03,-,120
504,2024-02-21,173.03,195,190,190,173.03,-,1189
505,2024-02-20,173.03,195,190,190,173.03,-,850
506,2024-02-19,173.03,195,190,190,173.03,-,1480
507,2024-02-16,173.03,190,190,190,173.03,-,12293
508,2024-02-15,173.03,195,190,190,173.03,-0.0256,15545
509,2024-02-14,177.58,195,195,195,177.58,-,860
510,2024-02-13,177.58,195,190,195,177.58,0.0263,14932
511,2024-02-12,173.03,195,190,190,173.03,-,10229
512,2024-02-09,173.03,195,190,190,173.03,-,3159
513,2024-02-08,173.03,195,190,190,173.03,-0.0256,290669
514,2024-02-07,177.58,200,195,195,177.58,-,7901
515,2024-02-06,177.58,200,195,195,177.58,-,368
516,2024-02-05,177.58,200,195,195,177.58,-,3082
517,2024-02-02,177.58,195,195,195,177.58,-,247
518,2024-02-01,177.58,200,195,195,177.58,-,1858
519,2024-01-31,177.58,200,195,195,177.58,-0.025,55341
520,2024-01-30,182.14,200,200,200,182.13,-,790
521,2024-01-29,182.14,200,200,200,182.13,0.0256,5669
522,2024-01-26,177.58,200,195,195,177.58,0.0263,151515
523,2024-01-25,173.03,190,190,190,173.03,-,360
524,2024-01-24,173.03,200,190,190,173.03,-,860
525,2024-01-23,173.03,190,190,190,173.03,-,200
526,2024-01-22,173.03,200,190,190,173.03,-0.05,27090
527,2024-01-19,182.14,200,200,200,182.13,0.0526,3750
528,2024-01-18,173.03,190,190,190,173.03,-,935
529,2024-01-17,173.03,200,190,190,173.03,-,101140
530,2024-01-16,173.03,200,190,190,173.03,-0.0256,87687
531,2024-01-15,177.58,195,195,195,177.58,-,6520
532,2024-01-11,177.58,195,195,195,177.58,-0.025,13807
533,2024-01-10,182.14,200,195,200,182.13,0.0526,10037
534,2024-01-09,173.03,200,190,190,173.03,-,103192
535,2024-01-08,173.03,200,190,190,173.03,-0.0256,1166009
536,2024-01-05,177.58,200,195,195,177.58,-,3573
537,2024-01-04,177.58,195,190,195,177.58,-,332
538,2024-01-03,177.58,200,190,195,177.58,0.0263,24277
539,2024-01-02,173.03,200,190,190,173.03,-,10502
540,2023-12-29,173.03,200,190,190,173.03,-,267
541,2023-12-28,173.03,190,190,190,173.03,-,1225
542,2023-12-27,173.03,190,190,190,173.03,-,1237
543,2023-12-22,173.03,200,190,190,173.03,-,2501299
544,2023-12-21,173.03,200,190,190,173.03,-0.05,581310
545,2023-12-20,182.14,200,200,200,182.13,-,5000410
546,2023-12-19,182.14,200,200,200,182.13,0.0811,50250
547,2023-12-18,168.48,200,180,185,168.47,-0.0263,194960
548,2023-12-15,173.03,200,190,190,173.03,-,3100160
549,2023-12-14,173.03,190,190,190,173.03,0.0556,2115950
550,2023-12-13,163.92,180,180,180,163.92,-,109817
551,2023-12-12,163.92,195,180,180,163.92,-,393387
552,2023-12-11,163.92,180,180,180,163.92,-,710
553,2023-12-08,163.92,205,180,180,163.92,-0.0769,330803
554,2023-12-07,177.58,200,195,195,177.58,0.0263,4621
555,2023-12-06,173.03,200,190,190,173.03,-0.05,11390
556,2023-12-05,182.14,200,185,200,182.13,0.0526,11945
557,2023-12-04,173.03,205,185,190,173.03,-0.0732,2520
558,2023-12-01,186.69,205,185,205,186.69,-,17550
559,2023-11-28,186.69,205,205,205,186.69,-,591
560,2023-11-27,186.69,225,205,205,186.69,-0.0889,2110
561,2023-11-24,204.9,225,225,225,204.9,-0.1,5870
562,2023-11-23,227.67,250,250,250,227.67,-,900
563,2023-11-22,227.67,250,250,250,227.67,-,94
564,2023-11-20,227.67,250,250,250,227.67,-,215
565,2023-11-17,227.67,250,250,250,227.67,-,529
566,2023-11-16,227.67,250,250,250,227.67,-,660
567,2023-11-15,227.67,250,250,250,227.67,-,160
568,2023-11-14,227.67,250,250,250,227.67,-,789
569,2023-11-10,227.67,250,250,250,227.67,-,15043
570,2023-11-09,227.67,250,250,250,227.67,-,1526
571,2023-11-08,227.67,250,250,250,227.67,0.0638,6010
572,2023-11-07,214.01,250,235,235,214.01,-,10289
573,2023-11-06,173.03,235,235,235,173.03,0.093,12883
574,2023-11-03,158.3,215,215,215,158.3,-0.0227,22967
575,2023-11-02,161.98,230,210,220,161.98,0.0476,44083
576,2023-10-27,154.62,210,210,210,154.62,-,10
577,2023-10-24,154.62,220,210,210,154.62,-,2992
578,2023-10-23,154.62,210,210,210,154.62,-,90
579,2023-10-20,154.62,210,205,210,154.62,0.0244,24050
580,2023-10-19,150.94,205,205,205,150.94,-,19812
581,2023-10-18,150.94,205,205,205,150.94,0.0513,15000
582,2023-10-12,143.58,195,195,195,143.58,-,629
583,2023-10-11,143.58,195,190,195,143.58,0.0263,135871
584,2023-10-10,139.9,190,190,190,139.89,0.0556,130000
585,2023-10-06,132.53,180,175,180,132.53,-,6245
586,2023-10-05,132.53,180,180,180,132.53,0.0909,27130
587,2023-09-27,121.49,170,160,165,121.49,0.0313,135000
588,2023-09-26,117.81,160,160,160,117.81,0.0667,27980
589,2023-09-15,110.44,150,150,150,110.44,-,47083
590,2023-09-12,110.44,150,150,150,110.44,0.0714,126300
591,2023-09-11,103.08,140,140,140,103.08,-,3096
592,2023-09-07,103.08,140,140,140,103.08,-,1250
593,2023-09-06,103.08,150,140,140,103.08,-,100
594,2023-09-05,103.08,150,140,140,103.08,-0.0667,2424
595,2023-09-04,110.44,150,150,150,110.44,-,1389
596,2023-09-01,110.44,150,150,150,110.44,-,1000
597,2023-08-30,110.44,150,150,150,110.44,-,33600
598,2023-08-29,110.44,150,150,150,110.44,-,46150
599,2023-08-28,110.44,150,150,150,110.44,-0.0323,281000
600,2023-08-24,114.13,155,155,155,114.12,-,1100
601,2023-08-23,114.13,155,155,155,114.12,0.0333,14050
602,2023-08-16,110.44,150,150,150,110.44,-,2812
603,2023-08-10,110.44,150,150,150,110.44,-,8278
604,2023-08-09,110.44,150,150,150,110.44,-,2684
605,2023-08-07,110.44,150,150,150,110.44,-,280
606,2023-08-03,110.44,150,150,150,110.44,-0.0323,94152
607,2023-08-02,114.13,155,155,155,114.12,-,60
608,2023-07-19,114.13,155,150,155,114.12,0.0333,140500
609,2023-07-13,110.44,150,150,150,110.44,-,28100
610,2023-07-12,110.44,150,150,150,110.44,-,14050
611,2023-07-05,110.44,150,150,150,110.44,-,250
612,2023-07-04,110.44,150,150,150,110.44,-,10
613,2023-06-20,110.44,150,150,150,110.44,-,2625
614,2023-06-14,110.44,150,150,150,110.44,-,10
615,2023-06-13,110.44,150,150,150,110.44,-,100
616,2023-06-12,110.44,150,150,150,110.44,-,100
617,2023-06-09,110.44,150,150,150,110.44,-,10
618,2023-06-07,110.44,150,150,150,110.44,-,440
619,2023-06-05,110.44,150,150,150,110.44,-,80
620,2023-05-10,110.44,150,140,150,110.44,-,1000
621,2023-05-02,110.44,150,150,150,110.44,-,10
622,2023-04-21,110.44,150,150,150,110.44,-,42000
623,2023-04-17,110.44,150,150,150,110.44,-,80000
624,2023-04-13,110.44,150,150,150,110.44,-,1000
625,2023-04-11,110.44,150,150,150,110.44,-,270
626,2023-04-05,110.44,150,150,150,110.44,-,200
627,2023-04-04,110.44,150,150,150,110.44,-,1400
628,2023-04-03,110.44,150,150,150,110.44,0.0714,150000
629,2023-03-31,103.08,140,140,140,103.08,-,10
630,2023-03-30,103.08,140,140,140,103.08,-,774
631,2023-03-29,103.08,140,140,140,103.08,-0.0667,11238
632,2023-03-28,110.44,150,150,150,110.44,0.0714,366000
633,2023-03-22,103.08,145,140,140,103.08,-,1455
634,2023-03-21,103.08,140,140,140,103.08,-,1357
635,2023-03-17,103.08,140,140,140,103.08,-,50
636,2023-03-13,103.08,145,140,140,103.08,-,36534
637,2023-03-07,103.08,140,140,140,103.08,-,60000
638,2023-03-03,103.08,150,140,140,103.08,-0.0667,86502
639,2023-03-02,110.44,150,150,150,110.44,-,360
640,2023-02-27,110.44,150,150,150,110.44,0.0345,4212
641,2023-02-23,106.76,145,145,145,106.76,-,10
642,2023-02-20,106.76,145,145,145,106.76,-,2812
643,2023-02-14,106.76,150,140,145,106.76,0.0357,4521
644,2023-02-13,103.08,140,140,140,103.08,-,23725
645,2023-02-10,103.08,140,140,140,103.08,-,500
646,2023-02-09,103.08,150,140,140,103.08,-,18250
647,2023-02-03,103.08,140,140,140,103.08,-,1220
648,2023-02-02,103.08,150,140,140,103.08,-,2020
649,2023-02-01,103.08,140,140,140,103.08,-,10
650,2023-01-31,103.08,140,140,140,103.08,-,2813
651,2023-01-30,103.08,140,140,140,103.08,-,2813
652,2023-01-23,103.08,140,140,140,103.08,-,1900
653,2023-01-20,103.08,140,140,140,103.08,-,20
654,2023-01-19,103.08,140,140,140,103.08,-,100
655,2023-01-18,103.08,140,140,140,103.08,-0.0667,4975
656,2023-01-16,110.44,150,150,150,110.44,-,20
657,2023-01-10,110.44,150,150,150,110.44,-,10
658,2023-01-06,110.44,150,150,150,110.44,-,100
659,2023-01-05,110.44,150,150,150,110.44,0.0714,5000
660,2023-01-03,103.08,140,140,140,103.08,-0.0968,20000
661,2022-12-21,114.13,155,155,155,114.12,-,140
662,2022-12-15,114.13,155,155,155,114.12,-,4061200
663,2022-12-14,114.13,170,155,155,114.12,-0.0882,70250
664,2022-12-12,125.17,170,150,170,125.17,0.0625,436700
665,2022-12-06,117.81,170,160,160,117.81,-0.0588,112400
666,2022-12-01,125.17,170,170,170,125.17,-,5625
667,2022-11-29,125.17,170,170,170,125.17,-,140501
668,2022-11-22,125.17,170,170,170,125.17,-0.0556,5120
669,2022-11-21,132.53,180,180,180,132.53,-,30
670,2022-11-18,132.53,180,180,180,132.53,-,877
671,2022-11-14,132.53,180,180,180,132.53,-,1600
672,2022-11-11,132.53,180,180,180,132.53,-0.0526,72138
673,2022-11-10,139.9,190,190,190,139.89,-,8348
674,2022-11-09,139.9,190,190,190,139.89,-,47852
675,2022-11-08,139.9,190,190,190,139.89,-0.05,52158
676,2022-11-04,147.26,200,200,200,147.26,-,184863
677,2022-11-03,147.26,200,200,200,147.26,-0.0698,64250
678,2022-10-31,158.3,215,215,215,158.3,-0.0851,274500
679,2022-10-07,173.03,235,235,235,173.03,-,100
680,2022-09-28,165.67,235,235,235,165.66,-,20
681,2022-09-23,165.67,235,235,235,165.66,-0.0962,5000
682,2022-09-21,183.29,260,260,260,183.29,-,200
683,2022-09-16,183.29,260,260,260,183.29,-,100
684,2022-09-06,183.29,260,260,260,183.29,-,40
685,2022-08-22,183.29,260,260,260,183.29,-,100
686,2022-08-11,183.29,260,260,260,183.29,-,100
687,2022-08-03,183.29,260,260,260,183.29,-,100
688,2022-08-02,183.29,260,260,260,183.29,-0.0877,70359
689,2022-08-01,200.91,285,285,285,200.91,-,472
690,2022-07-29,200.91,285,285,285,200.91,-,1
691,2022-07-21,200.91,285,285,285,200.91,-,10
692,2022-07-19,200.91,285,285,285,200.91,-,10
693,2022-07-01,200.91,285,285,285,200.91,-,20
694,2022-06-29,200.91,285,285,285,200.91,-,10
695,2022-06-20,200.91,285,285,285,200.91,-,10
696,2022-06-03,200.91,285,285,285,200.91,-,80
697,2022-05-11,200.91,285,285,285,200.91,-,50
698,2022-05-10,200.91,285,285,285,200.91,-,60
699,2022-05-06,200.91,285,285,285,200.91,-,450
700,2022-05-02,200.91,285,285,285,200.91,-,1400
701,2022-04-25,200.91,285,285,285,200.91,-,10
702,2022-04-22,200.91,285,285,285,200.91,-,10
703,2022-04-20,200.91,285,285,285,200.91,-0.0952,6990
704,2022-04-13,222.06,315,315,315,222.06,-,1060
705,2022-04-05,222.06,315,315,315,222.06,-,1000
706,2022-04-04,222.06,315,315,315,222.06,-0.1,5000
707,2022-03-30,246.74,350,350,350,246.73,-,10
708,2022-01-13,246.74,350,350,350,246.73,-,50
709,2022-01-10,246.74,350,350,350,246.73,-,10
710,2021-12-21,246.74,350,350,350,246.73,-,40
711,2021-12-07,242.51,350,350,350,242.51,-,20
712,2021-11-23,242.51,350,350,350,242.51,-,200
713,2021-11-15,242.51,350,350,350,242.51,-,30
714,2021-11-11,242.51,350,350,350,242.51,-,30
715,2021-11-04,242.51,350,350,350,242.51,-,10
716,2021-10-29,242.51,350,350,350,242.51,-,300
717,2021-10-26,242.51,350,350,350,242.51,-,30
718,2021-10-11,242.51,350,350,350,242.51,-,1000
719,2021-09-06,242.51,350,350,350,242.51,-,40
720,2021-09-02,242.51,350,350,350,242.51,-,10
721,2021-08-19,242.51,350,350,350,242.51,-,50
722,2021-08-11,242.51,350,350,350,242.51,-,50
723,2021-08-04,242.51,350,350,350,242.51,-,30
724,2021-07-27,242.51,350,350,350,242.51,-,60
725,2021-06-29,242.51,350,350,350,242.51,-,10
726,2021-06-17,242.51,350,350,350,242.51,-,10
727,2021-06-09,242.51,350,350,350,242.51,-,20
728,2021-05-21,242.51,350,350,350,242.51,-,3000
729,2021-05-17,242.51,350,350,350,242.51,-,10
730,2021-05-12,242.51,350,350,350,242.51,-,10
731,2021-04-22,242.51,350,350,350,242.51,-,100
732,2021-01-13,242.51,350,350,350,242.51,-,30
733,2021-01-06,242.51,350,350,350,242.51,-,4
734,2020-12-14,242.51,350,350,350,242.51,-,200
735,2020-11-19,242.51,350,350,350,242.51,-,420
736,2020-10-05,242.51,350,350,350,242.51,-,3000
737,2020-09-25,242.51,350,350,350,242.51,-,3000
738,2020-03-23,238.35,350,350,350,238.35,-,270
739,2020-03-03,238.35,350,350,350,238.35,-,5
740,2020-02-25,238.35,350,350,350,238.35,-0.0909,5620
741,2020-02-21,262.18,385,385,385,262.18,-,1070
742,2020-01-30,262.18,385,385,385,262.18,-,30
743,2020-01-21,262.18,385,385,385,262.18,-,160
744,2019-12-02,260.45,385,385,385,260.45,-,160
745,2019-09-18,260.45,385,385,385,260.45,-,2
746,2019-09-12,260.45,385,385,385,260.45,-,5
747,2019-08-23,260.45,385,385,385,260.45,-,500
748,2019-03-05,260.45,385,385,385,260.45,-,1000
749,2019-01-08,260.45,385,385,385,260.45,-,254
750,2018-12-24,260.45,385,385,385,260.45,-0.1444,33700
751,2018-10-02,304.43,450,450,450,304.43,-,100
752,2018-09-10,304.43,450,450,450,304.43,-,1
753,2018-08-09,304.43,450,450,450,304.43,-,-
754,2018-07-24,304.43,450,450,450,304.43,-,2
755,2018-06-26,304.43,450,450,450,304.43,-,80
756,2018-06-14,304.43,450,450,450,304.43,-,1910
